{
    "version": 2.0,
    "serialSettings": {
        "port": "ttyUSB0",
        "baudrate": 115200,
        "dataSize": 8,
        "stopbits": 1,
        "parity": "N",
        "swFlowControl": false,
        "hwFlowControl": false,
        "readTimeoutMs": 1000,
        "writeTimeoutMs": 300
    },
    "dataFields": {
        "0": "0x55; 0x43; 0x49; 0x12; 0x00; 0x10; 0x02; 0x42; 0x00; 0x01; 0x1e; 0x00; 0x00; 0x00; 0x00; 0x00; 0x00; 0x00; 0x00; 0x00; 0x00; 0x9c; 0xb6",
        "1": "0x55; 0x43; 0x49; 0x12; 0x00; 0x10; 0x02; 0x42; 0x00; 0x02; 0x3c; 0x00; 0x00; 0x00; 0x00; 0x00; 0x00; 0x00; 0x00; 0x00; 0x00; 0xca; 0xb9",
        "2": "0x55; 0x43; 0x49; 0x12; 0x00; 0x10; 0x02; 0x41; 0x00; 0x01; 0x00; 0x00; 0x00; 0x00; 0x00; 0x00; 0x00; 0x00; 0x00; 0x00; 0x00; 0x78; 0x3D",
        "3": "0x55; 0x43; 0x49; 0x12; 0x00; 0x10; 0x10; 0x44; 0x00; 0x19; 0x00; 0x00; 0x00; 0x00; 0x00; 0x00; 0x00; 0x00; 0x00; 0x00; 0x00; 0x17; 0x94",
        "4": "0x55; 0x43; 0x49; 0x12; 0x00; 0x10; 0x04; 0x45; 0x00; 0x1E; 0x00; 0x00; 0x00; 0x00; 0x00; 0x00; 0x00; 0x00; 0x00; 0x00; 0x00; 0x05; 0x32",
        "5": "0x55; 0x43; 0x49; 0x12; 0x00; 0x10; 0x04; 0x4A; 0x00; 0x3C; 0x00; 0x00; 0x00; 0x00; 0x00; 0x00; 0x00; 0x00; 0x00; 0x00; 0x00; 0x22; 0xC1",
        "6": "",
        "7": "0x55; 0x43; 0x49; 0x12; 0x00; 0x10; 0x10; 0x51; 0x00; 0x00; 0x00; 0x00; 0x00; 0x00; 0x00; 0x00; 0x00; 0x00; 0x00; 0x00; 0x00; 0xA9; 0xFB"
    },
    "noteFields": {
        "0": "30s",
        "1": "60s",
        "2": "auto",
        "3": "25",
        "4": "det",
        "5": "contr",
        "6": "",
        "7": "save?"
    },
    "sequenceFields": {
        "0": "",
        "1": "",
        "2": ""
    },
    "rxToLog": true,
    "txToLog": true,
    "outputDataRepresentation": 2,
    "newLineOnRxData": false,
    "newLineOnRxTimeout": 10
}